# Format: time,user,password,ip,status
1748850378,ali_khan,123456,192.168.38.234,FAIL
1748850379,123@gmail.com,password,192.168.22.83,FAIL
1748850380,hassan@gmail.com,123456789,192.168.243.57,FAIL
1748850381,hassan@gmail.com,qwerty,192.168.63.196,FAIL
1748850382,ali_khan,abc123,192.168.51.236,FAIL
1748850383,malikabdullahnasir5@gmail.com,password1,192.168.53.169,FAIL
1748850384,abdullah@gmail.com,admin,192.168.0.112,FAIL
1748850385,abdullah@gmail.com,12345678,192.168.172.45,FAIL
1748850386,abdullah@gmail.com,password,192.168.168.27,FAIL
1748850387,malikabdullahnasir5@gmail.com,123456,192.168.183.114,FAIL
1748850388,zainab@gmail.com,qwerty,192.168.75.15,SUCCESS
